{
  "address": "BUam43b33sLJvKqb3u7jSwUb3JisLDzAYDN4ECNmsGSU",
  "metadata": {
    "name": "covenant_vault",
    "version": "0.1.0",
    "spec": "0.1.0",
    "description": "Created with Anchor"
  },
  "instructions": [
    {
      "name": "charge_user",
      "discriminator": [
        239,
        64,
        25,
        15,
        129,
        162,
        110,
        8
      ],
      "accounts": [
        {
          "name": "user"
        },
        {
          "name": "config",
          "pda": {
            "seeds": [
              {
                "kind": "const",
                "value": [
                  99,
                  111,
                  110,
                  102,
                  105,
                  103
                ]
              }
            ]
          }
        },
        {
          "name": "service_signer",
          "signer": true
        },
        {
          "name": "authority"
        },
        {
          "name": "ledger",
          "writable": true,
          "pda": {
            "seeds": [
              {
                "kind": "const",
                "value": [
                  108,
                  101,
                  100,
                  103,
                  101,
                  114
                ]
              },
              {
                "kind": "account",
                "path": "user"
              }
            ]
          }
        },
        {
          "name": "vault",
          "writable": true,
          "pda": {
            "seeds": [
              {
                "kind": "const",
                "value": [
                  118,
                  97,
                  117,
                  108,
                  116
                ]
              },
              {
                "kind": "account",
                "path": "user"
              }
            ]
          }
        },
        {
          "name": "treasury",
          "writable": true
        },
        {
          "name": "system_program",
          "address": "11111111111111111111111111111111"
        }
      ],
      "args": [
        {
          "name": "amount",
          "type": "u64"
        },
        {
          "name": "expected_nonce",
          "type": "u64"
        }
      ]
    },
    {
      "name": "deposit_sol",
      "discriminator": [
        108,
        81,
        78,
        117,
        125,
        155,
        56,
        200
      ],
      "accounts": [
        {
          "name": "user",
          "writable": true,
          "signer": true
        },
        {
          "name": "ledger",
          "writable": true,
          "pda": {
            "seeds": [
              {
                "kind": "const",
                "value": [
                  108,
                  101,
                  100,
                  103,
                  101,
                  114
                ]
              },
              {
                "kind": "account",
                "path": "user"
              }
            ]
          }
        },
        {
          "name": "vault",
          "writable": true,
          "pda": {
            "seeds": [
              {
                "kind": "const",
                "value": [
                  118,
                  97,
                  117,
                  108,
                  116
                ]
              },
              {
                "kind": "account",
                "path": "user"
              }
            ]
          }
        },
        {
          "name": "system_program",
          "address": "11111111111111111111111111111111"
        }
      ],
      "args": [
        {
          "name": "amount",
          "type": "u64"
        }
      ]
    },
    {
      "name": "disable_charging",
      "discriminator": [
        144,
        248,
        44,
        214,
        94,
        123,
        117,
        76
      ],
      "accounts": [
        {
          "name": "user",
          "writable": true,
          "signer": true
        },
        {
          "name": "ledger",
          "writable": true,
          "pda": {
            "seeds": [
              {
                "kind": "const",
                "value": [
                  108,
                  101,
                  100,
                  103,
                  101,
                  114
                ]
              },
              {
                "kind": "account",
                "path": "user"
              }
            ]
          }
        }
      ],
      "args": []
    },
    {
      "name": "enable_charging",
      "discriminator": [
        137,
        2,
        243,
        19,
        46,
        101,
        170,
        63
      ],
      "accounts": [
        {
          "name": "user",
          "writable": true,
          "signer": true
        },
        {
          "name": "ledger",
          "writable": true,
          "pda": {
            "seeds": [
              {
                "kind": "const",
                "value": [
                  108,
                  101,
                  100,
                  103,
                  101,
                  114
                ]
              },
              {
                "kind": "account",
                "path": "user"
              }
            ]
          }
        }
      ],
      "args": [
        {
          "name": "max_per_charge",
          "type": "u64"
        },
        {
          "name": "max_total",
          "type": "u64"
        }
      ]
    },
    {
      "name": "initialize_config",
      "discriminator": [
        208,
        127,
        21,
        1,
        194,
        190,
        196,
        70
      ],
      "accounts": [
        {
          "name": "admin",
          "writable": true,
          "signer": true
        },
        {
          "name": "config",
          "writable": true,
          "pda": {
            "seeds": [
              {
                "kind": "const",
                "value": [
                  99,
                  111,
                  110,
                  102,
                  105,
                  103
                ]
              }
            ]
          }
        },
        {
          "name": "system_program",
          "address": "11111111111111111111111111111111"
        }
      ],
      "args": [
        {
          "name": "service_signer",
          "type": "pubkey"
        },
        {
          "name": "treasury",
          "type": "pubkey"
        }
      ]
    },
    {
      "name": "initialize_user",
      "discriminator": [
        111,
        17,
        185,
        250,
        60,
        122,
        38,
        254
      ],
      "accounts": [
        {
          "name": "user",
          "writable": true,
          "signer": true
        },
        {
          "name": "ledger",
          "writable": true,
          "pda": {
            "seeds": [
              {
                "kind": "const",
                "value": [
                  108,
                  101,
                  100,
                  103,
                  101,
                  114
                ]
              },
              {
                "kind": "account",
                "path": "user"
              }
            ]
          }
        },
        {
          "name": "vault",
          "writable": true,
          "pda": {
            "seeds": [
              {
                "kind": "const",
                "value": [
                  118,
                  97,
                  117,
                  108,
                  116
                ]
              },
              {
                "kind": "account",
                "path": "user"
              }
            ]
          }
        },
        {
          "name": "system_program",
          "address": "11111111111111111111111111111111"
        }
      ],
      "args": []
    },
    {
      "name": "update_config",
      "discriminator": [
        29,
        158,
        252,
        191,
        10,
        83,
        219,
        99
      ],
      "accounts": [
        {
          "name": "admin",
          "writable": true,
          "signer": true
        },
        {
          "name": "config",
          "writable": true,
          "pda": {
            "seeds": [
              {
                "kind": "const",
                "value": [
                  99,
                  111,
                  110,
                  102,
                  105,
                  103
                ]
              }
            ]
          }
        }
      ],
      "args": [
        {
          "name": "service_signer",
          "type": "pubkey"
        },
        {
          "name": "treasury",
          "type": "pubkey"
        }
      ]
    },
    {
      "name": "withdraw_sol",
      "discriminator": [
        145,
        131,
        74,
        136,
        65,
        137,
        42,
        38
      ],
      "accounts": [
        {
          "name": "user",
          "writable": true,
          "signer": true
        },
        {
          "name": "ledger",
          "writable": true,
          "pda": {
            "seeds": [
              {
                "kind": "const",
                "value": [
                  108,
                  101,
                  100,
                  103,
                  101,
                  114
                ]
              },
              {
                "kind": "account",
                "path": "user"
              }
            ]
          }
        },
        {
          "name": "vault",
          "writable": true,
          "pda": {
            "seeds": [
              {
                "kind": "const",
                "value": [
                  118,
                  97,
                  117,
                  108,
                  116
                ]
              },
              {
                "kind": "account",
                "path": "user"
              }
            ]
          }
        },
        {
          "name": "system_program",
          "address": "11111111111111111111111111111111"
        }
      ],
      "args": [
        {
          "name": "amount",
          "type": "u64"
        }
      ]
    }
  ],
  "accounts": [
    {
      "name": "Config",
      "discriminator": [
        155,
        12,
        170,
        224,
        30,
        250,
        204,
        130
      ]
    },
    {
      "name": "Ledger",
      "discriminator": [
        43,
        41,
        21,
        213,
        180,
        176,
        95,
        32
      ]
    }
  ],
  "errors": [
    {
      "code": 6000,
      "name": "InvalidAmount",
      "msg": "Amount must be > 0"
    },
    {
      "code": 6001,
      "name": "BadOwner",
      "msg": "Ledger owner mismatch"
    },
    {
      "code": 6002,
      "name": "InsufficientBalance",
      "msg": "Insufficient balance"
    },
    {
      "code": 6003,
      "name": "MathOverflow",
      "msg": "Math overflow"
    },
    {
      "code": 6004,
      "name": "InvalidVaultOwner",
      "msg": "Vault must be system-owned"
    },
    {
      "code": 6005,
      "name": "VaultHasData",
      "msg": "Vault must not carry data"
    },
    {
      "code": 6006,
      "name": "Unauthorized",
      "msg": "Unauthorized"
    },
    {
      "code": 6007,
      "name": "InvalidTreasury",
      "msg": "Treasury account is invalid"
    },
    {
      "code": 6008,
      "name": "ChargingDisabled",
      "msg": "Charging is disabled by user"
    },
    {
      "code": 6009,
      "name": "BadNonce",
      "msg": "Nonce mismatch (replay or out-of-order)"
    },
    {
      "code": 6010,
      "name": "ChargeTooLarge",
      "msg": "Charge exceeds per-charge limit"
    },
    {
      "code": 6011,
      "name": "ChargeLimitExceeded",
      "msg": "Charge exceeds total limit"
    }
  ],
  "types": [
    {
      "name": "Config",
      "type": {
        "kind": "struct",
        "fields": [
          {
            "name": "admin",
            "type": "pubkey"
          },
          {
            "name": "service_signer",
            "type": "pubkey"
          },
          {
            "name": "treasury",
            "type": "pubkey"
          }
        ]
      }
    },
    {
      "name": "Ledger",
      "type": {
        "kind": "struct",
        "fields": [
          {
            "name": "owner",
            "type": "pubkey"
          },
          {
            "name": "balance",
            "type": "u64"
          },
          {
            "name": "charging_enabled",
            "type": "bool"
          },
          {
            "name": "max_per_charge",
            "type": "u64"
          },
          {
            "name": "max_total",
            "type": "u64"
          },
          {
            "name": "total_charged",
            "type": "u64"
          },
          {
            "name": "nonce",
            "type": "u64"
          }
        ]
      }
    }
  ]
}